video_id,index,target,start,end
T0100029,0,walk_away,1,17
T0100029,0,walk_away,17,33
T0100029,0,walk_away,33,49
T0100029,0,walk_away,49,58
T0100029,0,walk_left,58,74
T0100029,0,walk_left,74,90
T0100029,0,walk_left,90,106
T0100029,0,walk_left,106,111
T0100468,0,walk_left,1,17
T0100468,0,walk_left,17,33
T0100468,0,walk_left,33,49
T0100468,0,walk_left,49,65
T0100468,0,walk_left,65,81
T0100468,0,walk_left,81,97
T0100468,0,walk_left,97,113
T0100468,0,walk_left,113,129
T0100468,0,walk_left,129,145
T0100468,0,walk_left,145,148
T0200044,0,walk_left,1,17
T0200044,0,walk_left,17,33
T0200044,0,walk_left,33,49
T0200044,0,walk_left,49,65
T0200044,0,walk_left,65,76
T0200044,0,browsing,76,88
T0200044,0,standing,88,104
T0200044,0,standing,104,120
T0200044,0,standing,120,136
T0200044,0,standing,136,152
T0200044,0,standing,152,168
T0200044,0,standing,168,177
T0200044,0,grooming,177,193
T0200044,0,grooming,193,209
T0200044,0,grooming,209,225
T0200044,0,grooming,225,241
T0200044,0,grooming,241,257
T0200044,0,grooming,257,273
T0200044,0,grooming,273,289
T0200044,0,grooming,289,305
T0200044,0,grooming,305,321
T0200044,0,grooming,321,337
T0200044,0,grooming,337,353
T0200044,0,grooming,353,369
T0200044,0,grooming,369,385
T0200044,0,grooming,385,401
T0200044,0,grooming,401,417
T0200044,0,grooming,417,418
T0200044,0,standing,418,434
T0200044,0,standing,434,450
T0200044,0,standing,450,466
T0200044,0,standing,466,482
T0200044,0,standing,482,498
T0200044,0,standing,498,501
T0200044,0,browsing,501,517
T0200044,0,browsing,517,533
T0200044,0,browsing,533,549
T0200044,0,browsing,549,565
T0200044,0,browsing,565,581
T0200044,0,browsing,581,597
T0200044,0,browsing,597,613
T0200044,0,browsing,613,629
T0200044,0,browsing,629,645
T0200044,0,browsing,645,661
T0200044,0,browsing,661,677
T0200044,0,browsing,677,693
T0200044,0,browsing,693,709
T0200044,0,browsing,709,725
T0200044,0,browsing,725,741
T0200044,0,browsing,741,757
T0200044,0,browsing,757,769
T0200044,0,standing,769,785
T0200044,0,standing,785,801
T0200044,0,standing,801,817
T0200044,0,standing,817,833
T0200044,0,standing,833,846
T0200044,0,browsing,846,862
T0200044,0,browsing,862,866
T0200044,0,standing,866,882
T0200044,0,standing,882,898
T0200044,0,standing,898,914
T0200044,0,standing,914,917
T0200044,0,grooming,917,933
T0200044,0,grooming,933,949
T0200044,0,grooming,949,965
T0200044,0,grooming,965,981
T0200044,0,grooming,981,997
T0200044,0,grooming,997,1013
T0200044,0,grooming,1013,1029
T0200044,0,grooming,1029,1044
T0200044,0,standing,1044,1060
T0200044,0,standing,1060,1076
T0200044,0,standing,1076,1079
T0200079,1,browsing,1,17
T0200079,1,browsing,17,33
T0200079,1,browsing,33,49
T0200079,1,browsing,49,65
T0200079,1,browsing,65,81
T0200079,1,browsing,81,97
T0200079,1,browsing,97,113
T0200079,1,browsing,113,129
T0200079,1,browsing,129,145
T0200079,1,browsing,145,161
T0200079,1,browsing,161,177
T0200079,1,browsing,177,193
T0200079,1,browsing,193,209
T0200079,1,browsing,209,225
T0200079,1,browsing,225,241
T0200079,1,browsing,241,257
T0200079,1,browsing,257,273
T0200079,1,browsing,273,289
T0200079,1,browsing,289,305
T0200079,1,browsing,305,321
T0200079,1,browsing,321,337
T0200079,1,browsing,337,353
T0200079,1,browsing,353,369
T0200079,1,browsing,369,385
T0200079,1,browsing,385,401
T0200079,1,browsing,401,417
T0200079,1,browsing,417,433
T0200079,1,browsing,433,449
T0200079,1,browsing,449,465
T0200079,1,browsing,465,470
T0200079,1,grooming,470,486
T0200079,1,grooming,486,502
T0200079,1,grooming,502,513
T0200079,1,standing,470,486
T0200079,1,standing,486,502
T0200079,1,standing,502,518
T0200079,1,standing,518,534
T0200079,1,standing,534,550
T0200079,1,standing,550,566
T0200079,1,standing,566,580
T0200079,1,browsing,580,596
T0200079,1,browsing,596,612
T0200079,1,browsing,612,613
T0200079,1,standing,613,629
T0200079,1,standing,629,645
T0200079,1,browsing,645,661
T0200079,1,browsing,661,675
T0200079,1,standing,675,691
T0200079,1,standing,691,693
T0200079,1,browsing,693,709
T0200079,1,browsing,709,725
T0200079,1,browsing,725,741
T0200079,1,browsing,741,749
T0200079,1,walk_left,749,765
T0200079,1,walk_left,765,781
T0200079,1,walk_left,781,783
T0200079,1,browsing,783,799
T0200079,1,browsing,799,815
T0200079,1,browsing,815,831
T0200079,1,browsing,831,847
T0200079,1,browsing,847,863
T0200079,1,browsing,863,879
T0200079,1,browsing,879,895
T0200079,1,browsing,895,911
T0200079,1,browsing,911,927
T0200079,1,browsing,927,943
T0200079,1,browsing,943,959
T0200079,1,browsing,959,975
T0200079,1,browsing,975,991
T0200079,1,browsing,991,1007
T0200079,1,browsing,1007,1023
T0200079,1,browsing,1023,1039
T0200079,1,browsing,1039,1055
T0200079,1,browsing,1055,1071
T0200079,1,browsing,1071,1087
T0200079,1,browsing,1087,1103
T0200079,1,browsing,1103,1119
T0200079,1,browsing,1119,1135
T0200079,1,browsing,1135,1151
T0200079,1,browsing,1151,1167
T0200079,1,browsing,1167,1183
T0200079,1,browsing,1183,1199
T0200079,1,browsing,1199,1215
T0200079,1,browsing,1215,1231
T0200079,1,browsing,1231,1247
T0200079,1,browsing,1247,1263
T0200079,1,browsing,1263,1279
T0200079,1,browsing,1279,1295
T0200079,1,browsing,1295,1311
T0200079,1,browsing,1311,1327
T0200079,1,browsing,1327,1338
T0200079,1,standing,1338,1354
T0200079,1,standing,1354,1370
T0200079,1,standing,1370,1386
T0200079,1,standing,1386,1402
T0200079,1,standing,1402,1418
T0200079,1,standing,1418,1434
T0200079,1,standing,1434,1450
T0200079,1,standing,1450,1466
T0200079,1,standing,1466,1482
T0200079,1,standing,1482,1498
T0200079,1,standing,1498,1514
T0200079,1,standing,1514,1530
T0200079,1,standing,1530,1543
T0200079,1,grooming,1543,1559
T0200079,1,grooming,1559,1575
T0200079,1,grooming,1575,1591
T0200079,1,grooming,1591,1607
T0200079,1,grooming,1607,1619
T0200079,1,standing,1619,1635
T0200079,1,standing,1635,1651
T0200079,1,standing,1651,1655
T0200397,0,walk_left,1,17
T0200397,0,walk_left,17,23
T0200403,0,walk_right,1,9
T0200403,0,walk_right,19,35
T0200403,0,walk_right,35,44
T0200420,0,standing,1,13
T0200420,0,browsing,13,24
T0200420,0,standing,24,40
T0200420,0,standing,40,44
T0200420,0,walk_right,44,60
T0200420,0,walk_right,60,76
T0200420,0,walk_right,76,92
T0200420,0,walk_right,92,96
T0200437,0,walk_left,1,17
T0200437,0,walk_left,17,33
T0200437,0,walk_left,33,49
T0200437,0,walk_left,49,65
T0200437,0,walk_left,65,81
T0200437,0,walk_left,81,97
T0200437,0,walk_left,97,98
T0200474,0,walk_left,1,17
T0200474,0,standing,17,33
T0200474,0,standing,33,49
T0200474,0,standing,49,65
T0200474,0,standing,65,81
T0200474,0,standing,81,97
T0200474,0,standing,97,112
T0200474,0,standing,170,186
T0200474,0,standing,186,202
T0200474,0,standing,202,218
T0200474,0,standing,218,234
T0200474,0,standing,234,246
T0200474,0,standing,170,186
T0200474,0,standing,186,202
T0200474,0,standing,202,218
T0200474,0,standing,218,234
T0200474,0,standing,234,246
T0200474,0,walk_away,246,262
T0200474,0,walk_away,262,278
T0200474,0,walk_away,278,294
T0200474,0,walk_away,294,310
T0200474,0,walk_away,310,326
T0200474,0,walk_away,326,342
T0200474,0,walk_away,342,358
T0200474,0,walk_away,358,371
T0200521,0,walk_right,1,17
T0200521,0,walk_right,17,33
T0200521,0,walk_right,33,49
T0200521,0,walk_right,49,65
T0200521,0,walk_right,65,73
T0200521,0,browsing,73,89
T0200521,0,browsing,89,105
T0200521,0,browsing,105,121
T0200521,0,browsing,121,137
T0200521,0,browsing,137,153
T0200521,0,browsing,153,169
T0200521,0,browsing,169,185
T0200521,0,browsing,185,198
T0200521,0,walk_right,198,214
T0200521,0,walk_right,214,230
T0200521,0,walk_right,230,246
T0200532,0,walk_towards,1,17
T0200532,0,walk_towards,17,22
T0200532,0,walk_left,22,38
T0200532,0,walk_left,38,54
T0200532,0,walk_left,54,70
T0200532,0,walk_left,70,86
T0200532,0,walk_left,86,95
T0200534,0,grooming,1,17
T0200534,0,grooming,17,33
T0200534,0,grooming,33,49
T0200534,0,grooming,49,65
T0200534,0,grooming,65,81
T0200534,0,grooming,81,97
T0200534,0,grooming,97,113
T0200534,0,grooming,113,117
T0200534,0,standing,117,133
T0200534,0,standing,133,149
T0200534,0,standing,149,165
T0200534,0,standing,165,181
T0200534,0,standing,181,197
T0200534,0,standing,197,213
T0200534,0,standing,213,229
T0200534,0,standing,229,245
T0200534,0,standing,245,261
T0200534,0,standing,261,277
T0200534,0,standing,277,293
T0200534,0,standing,293,309
T0200534,0,standing,309,325
T0200534,0,standing,325,341
T0200534,0,standing,341,345
T0200534,0,grooming,345,361
T0200534,0,grooming,361,377
T0200534,0,grooming,377,393
T0200534,0,grooming,393,409
T0200534,0,grooming,409,425
T0200534,0,grooming,425,441
T0200534,0,grooming,441,457
T0200534,0,grooming,457,473
T0200534,0,grooming,473,489
T0200534,0,grooming,489,505
T0200534,0,grooming,505,521
T0200534,0,grooming,521,537
T0200534,0,grooming,537,553
T0200534,0,grooming,553,569
T0200534,0,grooming,569,585
T0200534,0,grooming,585,601
T0200534,0,grooming,601,617
T0200534,0,grooming,617,633
T0200534,0,grooming,633,649
T0200534,0,grooming,649,665
T0200534,0,grooming,665,681
T0200534,0,grooming,681,697
T0200534,0,grooming,697,713
T0200534,0,grooming,713,729
T0200534,0,grooming,729,745
T0200534,0,grooming,745,761
T0200534,0,grooming,761,777
T0200534,0,grooming,777,793
T0200534,0,grooming,793,809
T0200534,0,grooming,809,825
T0200534,0,grooming,825,841
T0200534,0,grooming,841,857
T0200534,0,grooming,857,873
T0200534,0,grooming,873,889
T0200534,0,grooming,889,905
T0200534,0,grooming,905,921
T0200534,0,grooming,921,937
T0200534,0,grooming,937,951
T0200534,0,standing,951,966
T0200534,0,standing,1056,1072
T0200534,0,standing,1072,1088
T0200534,0,standing,1088,1101
T0200537,0,walk_left,304,320
T0200537,0,walk_left,320,336
T0200537,0,walk_left,336,352
T0200537,0,walk_left,352,368
T0200537,0,walk_left,368,384
T0200537,0,walk_left,384,400
T0200537,0,walk_left,400,416
T0200537,0,walk_left,416,431
T0200544,0,browsing,1,17
T0200544,0,browsing,17,33
T0200544,0,browsing,33,49
T0200544,0,browsing,49,65
T0200544,0,browsing,65,81
T0200544,0,browsing,81,97
T0200544,0,browsing,97,113
T0200544,0,browsing,113,129
T0200544,0,browsing,129,139
T0200544,0,standing,139,155
T0200544,0,standing,155,171
T0200544,0,standing,171,187
T0200544,0,standing,187,203
T0200544,0,standing,203,219
T0200544,0,standing,219,231
T0200544,0,walk_left,231,247
T0200544,0,walk_left,247,263
T0200544,0,walk_left,263,279
T0200544,0,walk_left,279,295
T0200544,0,walk_left,295,299
T0200544,0,walk_left,231,247
T0200544,0,walk_left,247,263
T0200544,0,walk_left,263,279
T0200544,0,walk_left,279,295
T0200544,0,walk_left,295,299
T0200544,0,browsing,299,315
T0200544,0,browsing,315,331
T0200544,0,browsing,331,347
T0200544,0,browsing,347,363
T0200544,0,browsing,363,379
T0200544,0,browsing,379,395
T0200544,0,browsing,395,410
T0200544,0,walk_left,410,426
T0200544,0,walk_left,426,442
T0200544,0,walk_left,442,458
T0200544,0,walk_left,458,474
T0200544,0,walk_left,474,486
T0200544,0,browsing,486,502
T0200544,0,browsing,502,518
T0200544,0,browsing,518,534
T0200544,0,browsing,534,550
T0200544,0,browsing,550,566
T0200544,0,browsing,566,582
T0200544,0,browsing,582,598
T0200544,0,browsing,598,614
T0200544,0,browsing,614,630
T0200544,0,browsing,630,646
T0200544,0,browsing,646,662
T0200544,0,browsing,662,678
T0200544,0,browsing,678,694
T0200544,0,browsing,694,710
T0200544,0,browsing,710,726
T0200544,0,browsing,726,742
T0200544,0,browsing,742,758
T0200544,0,browsing,758,774
T0200544,0,browsing,774,790
T0200544,0,browsing,790,806
T0200544,0,browsing,806,822
T0200544,0,browsing,822,838
T0200544,0,browsing,838,854
T0200544,0,browsing,854,870
T0200544,0,browsing,870,886
T0200544,0,browsing,886,902
T0200544,0,browsing,902,918
T0200544,0,browsing,918,934
T0200544,0,browsing,934,950
T0200544,0,browsing,950,966
T0200544,0,browsing,966,982
T0200544,0,browsing,982,998
T0200544,0,browsing,998,1014
T0200544,0,browsing,1014,1030
T0200544,0,browsing,1030,1046
T0200544,0,browsing,1046,1062
T0200544,0,browsing,1062,1078
T0200544,0,browsing,1078,1094
T0200544,0,browsing,1094,1110
T0200544,0,browsing,1110,1126
T0200544,0,browsing,1126,1142
T0200544,0,browsing,1142,1148
T0200544,0,standing,1148,1164
T0200544,0,standing,1164,1180
T0200544,0,standing,1180,1196
T0200544,0,standing,1196,1212
T0200544,0,standing,1212,1228
T0200544,0,standing,1228,1244
T0200544,0,standing,1244,1260
T0200544,0,standing,1260,1276
T0200544,0,standing,1276,1292
T0200544,0,standing,1292,1308
T0200544,0,standing,1308,1324
T0200544,0,standing,1324,1340
T0200544,0,standing,1340,1356
T0200544,0,standing,1356,1372
T0200544,0,standing,1372,1388
T0200544,0,standing,1388,1404
T0200544,0,standing,1404,1420
T0200544,0,standing,1420,1436
T0200544,0,standing,1436,1452
T0200544,0,standing,1452,1468
T0200544,0,standing,1468,1484
T0200544,0,standing,1484,1500
T0200544,0,standing,1500,1516
T0200544,0,standing,1516,1532
T0200544,0,standing,1532,1548
T0200544,0,standing,1548,1564
T0200544,0,standing,1564,1576
T0200544,0,grooming,1576,1592
T0200544,0,grooming,1592,1608
T0200544,0,grooming,1608,1624
T0200544,0,grooming,1624,1639
T0200544,0,browsing,1639,1655
T0200544,0,browsing,1655,1671
T0200544,0,browsing,1671,1687
T0200544,0,browsing,1687,1703
T0200544,0,browsing,1703,1719
T0200544,0,browsing,1719,1735
T0200544,0,browsing,1735,1751
T0200544,0,browsing,1751,1767
T0200544,0,browsing,1767,1783
T0200544,0,browsing,1783,1799
T0200544,0,browsing,1799,1800
T0200545,0,browsing,1,17
T0200545,0,browsing,17,33
T0200545,0,browsing,33,49
T0200545,0,browsing,49,65
T0200545,0,browsing,65,81
T0200545,0,browsing,81,97
T0200545,0,browsing,97,113
T0200545,0,browsing,113,129
T0200545,0,browsing,129,145
T0200545,0,browsing,145,161
T0200545,0,browsing,161,177
T0200545,0,browsing,177,193
T0200545,0,browsing,193,209
T0200545,0,browsing,209,225
T0200545,0,browsing,225,241
T0200545,0,browsing,241,257
T0200545,0,browsing,257,273
T0200545,0,browsing,273,289
T0200545,0,browsing,289,305
T0200545,0,browsing,305,321
T0200545,0,browsing,321,337
T0200545,0,browsing,337,353
T0200545,0,browsing,353,369
T0200545,0,browsing,369,385
T0200545,0,browsing,385,401
T0200545,0,browsing,401,417
T0200545,0,browsing,417,433
T0200545,0,browsing,433,449
T0200545,0,browsing,449,465
T0200545,0,browsing,465,481
T0200545,0,browsing,481,497
T0200545,0,browsing,497,513
T0200545,0,browsing,513,529
T0200545,0,browsing,529,545
T0200545,0,browsing,545,561
T0200545,0,browsing,561,577
T0200545,0,browsing,577,593
T0200545,0,browsing,593,609
T0200545,0,browsing,609,625
T0200545,0,browsing,625,641
T0200545,0,browsing,641,657
T0200545,0,browsing,657,673
T0200545,0,browsing,673,689
T0200545,0,browsing,689,705
T0200545,0,browsing,705,721
T0200545,0,browsing,721,737
T0200545,0,browsing,737,753
T0200545,0,browsing,753,769
T0200545,0,browsing,769,785
T0200545,0,browsing,785,801
T0200545,0,browsing,801,817
T0200545,0,browsing,817,833
T0200545,0,browsing,833,849
T0200545,0,browsing,849,865
T0200545,0,browsing,865,881
T0200545,0,browsing,881,897
T0200545,0,browsing,897,913
T0200545,0,browsing,913,929
T0200545,0,browsing,929,945
T0200545,0,browsing,945,961
T0200545,0,browsing,961,977
T0200545,0,browsing,977,993
T0200545,0,browsing,993,1009
T0200545,0,browsing,1009,1025
T0200545,0,browsing,1025,1041
T0200545,0,browsing,1041,1057
T0200545,0,browsing,1057,1073
T0200545,0,browsing,1073,1089
T0200545,0,browsing,1089,1105
T0200545,0,browsing,1105,1121
T0200545,0,browsing,1121,1137
T0200545,0,browsing,1137,1153
T0200545,0,browsing,1153,1169
T0200545,0,browsing,1169,1185
T0200545,0,browsing,1185,1201
T0200545,0,browsing,1201,1217
T0200545,0,browsing,1217,1233
T0200545,0,browsing,1233,1249
T0200545,0,browsing,1249,1265
T0200545,0,browsing,1265,1281
T0200545,0,browsing,1281,1297
T0200545,0,browsing,1297,1313
T0200545,0,browsing,1313,1329
T0200545,0,browsing,1329,1345
T0200545,0,browsing,1345,1361
T0200545,0,browsing,1361,1377
T0200545,0,browsing,1377,1393
T0200545,0,browsing,1393,1409
T0200545,0,browsing,1409,1425
T0200545,0,browsing,1425,1441
T0200545,0,browsing,1441,1457
T0200545,0,browsing,1457,1473
T0200545,0,browsing,1473,1489
T0200545,0,browsing,1489,1505
T0200545,0,browsing,1505,1521
T0200545,0,browsing,1521,1537
T0200545,0,browsing,1537,1553
T0200545,0,browsing,1553,1569
T0200545,0,browsing,1569,1585
T0200545,0,browsing,1585,1601
T0200545,0,browsing,1601,1617
T0200545,0,browsing,1617,1633
T0200545,0,browsing,1633,1649
T0200545,0,browsing,1649,1665
T0200545,0,browsing,1665,1681
T0200545,0,browsing,1681,1697
T0200545,0,browsing,1697,1713
T0200545,0,browsing,1713,1729
T0200545,0,browsing,1729,1745
T0200545,0,browsing,1745,1761
T0200545,0,browsing,1761,1777
T0200545,0,browsing,1777,1793
T0200545,0,browsing,1793,1800
T0200546,0,walk_right,1,17
T0200546,0,walk_right,17,33
T0200546,0,walk_right,33,49
T0200546,0,walk_right,49,65
T0200546,0,walk_right,65,77
T0200546,0,standing,77,93
T0200546,0,standing,93,109
T0200546,0,standing,109,125
T0200546,0,standing,125,141
T0200546,0,standing,141,157
T0200546,0,standing,157,173
T0200546,0,standing,173,189
T0200546,0,standing,189,205
T0200546,0,standing,205,221
T0200546,0,standing,221,237
T0200546,0,standing,237,253
T0200546,0,standing,253,269
T0200546,0,standing,269,285
T0200546,0,standing,285,301
T0200546,0,standing,301,317
T0200546,0,standing,317,333
T0200546,0,standing,333,349
T0200546,0,standing,349,365
T0200546,0,standing,365,381
T0200546,0,standing,381,397
T0200546,0,standing,397,413
T0200546,0,standing,413,429
T0200546,0,standing,429,430
T0200546,0,browsing,430,446
T0200546,0,browsing,446,462
T0200546,0,browsing,462,478
T0200546,0,browsing,478,484
T0200546,0,standing,484,500
T0200546,0,standing,500,516
T0200546,0,standing,516,532
T0200546,0,standing,532,533
T0200546,0,walk_right,533,549
T0200546,0,walk_right,549,565
T0200546,0,walk_right,565,581
T0200546,0,walk_right,581,597
T0200546,0,walk_right,597,613
T0200546,0,walk_right,613,629
T0200546,0,walk_right,629,645
T0200546,0,walk_right,645,648
T0200546,0,standing,533,549
T0200546,0,standing,549,565
T0200546,0,standing,565,581
T0200546,0,standing,581,597
T0200546,0,standing,597,613
T0200546,0,standing,613,629
T0200546,0,standing,629,645
T0200546,0,standing,645,661
T0200546,0,standing,661,677
T0200546,0,standing,677,693
T0200546,0,standing,693,709
T0200546,0,standing,709,725
T0200546,0,standing,725,741
T0200546,0,standing,741,757
T0200546,0,standing,757,773
T0200546,0,standing,773,789
T0200546,0,standing,789,805
T0200546,0,standing,805,821
T0200546,0,standing,821,837
T0200546,0,standing,837,853
T0200546,0,standing,853,869
T0200546,0,standing,869,885
T0200546,0,standing,885,899
T0200546,0,browsing,899,915
T0200546,0,browsing,915,931
T0200546,0,browsing,931,947
T0200546,0,browsing,947,963
T0200546,0,browsing,963,979
T0200546,0,browsing,979,995
T0200546,0,browsing,995,1011
T0200546,0,browsing,1011,1027
T0200546,0,browsing,1027,1043
T0200546,0,browsing,1043,1059
T0200546,0,browsing,1059,1068
T0200546,0,standing,1068,1084
T0200546,0,standing,1084,1100
T0200546,0,standing,1100,1116
T0200546,0,standing,1116,1132
T0200546,0,standing,1132,1148
T0200546,0,standing,1148,1164
T0200546,0,standing,1164,1180
T0200546,0,standing,1180,1196
T0200546,0,standing,1196,1212
T0200546,0,standing,1212,1228
T0200546,0,standing,1228,1244
T0200546,0,standing,1244,1260
T0200546,0,standing,1260,1276
T0200546,0,standing,1276,1292
T0200546,0,standing,1292,1308
T0200546,0,standing,1308,1324
T0200546,0,standing,1324,1340
T0200546,0,standing,1340,1356
T0200546,0,standing,1356,1372
T0200546,0,standing,1372,1388
T0200546,0,standing,1388,1404
T0200546,0,standing,1404,1420
T0200546,0,standing,1420,1436
T0200546,0,standing,1436,1452
T0200546,0,standing,1452,1468
T0200546,0,standing,1468,1484
T0200546,0,standing,1484,1500
T0200546,0,standing,1500,1516
T0200546,0,standing,1516,1532
T0200546,0,standing,1532,1548
T0200546,0,standing,1548,1564
T0200546,0,standing,1564,1580
T0200546,0,standing,1580,1596
T0200546,0,standing,1596,1612
T0200546,0,standing,1612,1628
T0200546,0,standing,1628,1644
T0200546,0,standing,1644,1660
T0200546,0,standing,1660,1676
T0200546,0,standing,1676,1692
T0200546,0,standing,1692,1708
T0200546,0,standing,1708,1715
T0200546,0,grooming,1715,1731
T0200546,0,grooming,1731,1747
T0200546,0,grooming,1747,1763
T0200546,0,grooming,1763,1779
T0200546,0,grooming,1779,1795
T0200546,0,grooming,1795,1800
T0200593,0,grooming,1,17
T0200593,0,grooming,17,33
T0200593,0,grooming,33,49
T0200593,0,grooming,49,65
T0200593,0,grooming,65,81
T0200593,0,grooming,81,97
T0200593,0,grooming,97,113
T0200593,0,grooming,113,129
T0200593,0,grooming,129,145
T0200593,0,grooming,145,161
T0200593,0,grooming,161,177
T0200593,0,grooming,177,189
T0200593,0,standing,189,205
T0200593,0,standing,205,221
T0200593,0,standing,221,237
T0200593,0,standing,237,253
T0200593,0,standing,253,269
T0200593,0,standing,269,285
T0200593,0,standing,285,301
T0200593,0,standing,301,317
T0200593,0,standing,317,333
T0200593,0,standing,333,349
T0200593,0,standing,349,365
T0200593,0,standing,365,381
T0200593,0,standing,381,397
T0200593,0,standing,397,413
T0200593,0,standing,413,429
T0200593,0,standing,429,445
T0200593,0,standing,445,461
T0200593,0,standing,461,477
T0200593,0,standing,477,493
T0200593,0,standing,493,509
T0200593,0,standing,509,525
T0200593,0,standing,525,541
T0200593,0,standing,541,557
T0200593,0,standing,557,573
T0200593,0,standing,573,589
T0200593,0,standing,589,605
T0200593,0,standing,605,621
T0200593,0,standing,621,630
T0200593,0,browsing,630,646
T0200593,0,browsing,646,662
T0200593,0,browsing,662,678
T0200593,0,browsing,678,694
T0200593,0,browsing,694,710
T0200593,0,browsing,710,726
T0200593,0,browsing,726,742
T0200593,0,browsing,742,758
T0200593,0,browsing,758,774
T0200593,0,browsing,774,790
T0200593,0,browsing,790,806
T0200593,0,browsing,806,822
T0200593,0,browsing,822,838
T0200593,0,browsing,838,854
T0200593,0,browsing,854,870
T0200593,0,browsing,870,886
T0200593,0,browsing,886,902
T0200593,0,browsing,902,918
T0200593,0,browsing,918,934
T0200593,0,browsing,934,950
T0200593,0,browsing,950,966
T0200593,0,browsing,966,982
T0200593,0,browsing,982,998
T0200593,0,browsing,998,1000
T0200593,0,standing,1000,1016
T0200593,0,standing,1016,1032
T0200593,0,standing,1032,1048
T0200593,0,standing,1048,1064
T0200593,0,standing,1064,1080
T0200593,0,standing,1080,1096
T0200593,0,standing,1096,1112
T0200593,0,standing,1112,1128
T0200593,0,standing,1128,1144
T0200593,0,standing,1144,1160
T0200593,0,standing,1160,1176
T0200593,0,standing,1176,1192
T0200593,0,standing,1192,1208
T0200593,0,standing,1208,1224
T0200593,0,standing,1224,1240
T0200593,0,standing,1240,1256
T0200593,0,standing,1256,1272
T0200593,0,standing,1272,1288
T0200593,0,standing,1288,1304
T0200593,0,standing,1304,1320
T0200593,0,standing,1320,1336
T0200593,0,standing,1336,1352
T0200593,0,standing,1352,1368
T0200593,0,standing,1368,1384
T0200593,0,standing,1384,1400
T0200593,0,standing,1400,1416
T0200593,0,standing,1416,1432
T0200593,0,standing,1432,1448
T0200593,0,standing,1448,1464
T0200593,0,standing,1464,1480
T0200593,0,standing,1480,1496
T0200593,0,standing,1496,1512
T0200593,0,standing,1512,1513
T0200593,0,grooming,1513,1529
T0200593,0,grooming,1529,1545
T0200593,0,grooming,1545,1561
T0200593,0,grooming,1561,1577
T0200593,0,grooming,1577,1593
T0200593,0,grooming,1593,1604
T0200593,0,standing,1604,1620
T0200593,0,standing,1620,1636
T0200593,0,standing,1636,1652
T0200593,0,standing,1652,1668
T0200593,0,standing,1668,1684
T0200593,0,standing,1684,1700
T0200593,0,standing,1700,1716
T0200593,0,standing,1716,1732
T0200593,0,standing,1732,1748
T0200593,0,standing,1748,1764
T0200593,0,standing,1764,1780
T0200593,0,standing,1780,1796
T0200593,0,standing,1796,1800
T0200594,0,standing,1,17
T0200594,0,standing,17,33
T0200594,0,standing,33,49
T0200594,0,standing,49,65
T0200594,0,standing,65,81
T0200594,0,standing,81,97
T0200594,0,standing,97,113
T0200594,0,standing,113,129
T0200594,0,standing,129,145
T0200594,0,standing,145,161
T0200594,0,standing,161,177
T0200594,0,standing,177,193
T0200594,0,standing,193,209
T0200594,0,standing,209,225
T0200594,0,standing,225,241
T0200594,0,standing,241,257
T0200594,0,standing,257,273
T0200594,0,standing,273,289
T0200594,0,standing,289,305
T0200594,0,standing,305,321
T0200594,0,standing,321,337
T0200594,0,standing,337,353
T0200594,0,standing,353,369
T0200594,0,standing,369,385
T0200594,0,standing,385,401
T0200594,0,standing,401,417
T0200594,0,standing,417,433
T0200594,0,standing,433,449
T0200594,0,standing,449,465
T0200594,0,standing,465,481
T0200594,0,standing,481,497
T0200594,0,standing,497,513
T0200594,0,standing,513,529
T0200594,0,standing,529,533
T0200594,0,browsing,533,549
T0200594,0,browsing,549,565
T0200594,0,browsing,565,581
T0200594,0,browsing,581,597
T0200594,0,browsing,597,613
T0200594,0,browsing,613,629
T0200594,0,browsing,629,645
T0200594,0,browsing,645,648
T0200594,0,standing,648,664
T0200594,0,standing,664,680
T0200594,0,standing,680,696
T0200594,0,standing,696,712
T0200594,0,standing,712,728
T0200594,0,standing,728,744
T0200594,0,standing,744,760
T0200594,0,standing,760,776
T0200594,0,standing,776,792
T0200594,0,standing,792,808
T0200594,0,standing,808,824
T0200594,0,standing,824,840
T0200594,0,standing,840,856
T0200594,0,standing,856,872
T0200594,0,standing,872,888
T0200594,0,standing,888,904
T0200594,0,standing,904,920
T0200594,0,standing,920,936
T0200594,0,standing,936,952
T0200594,0,standing,952,968
T0200594,0,standing,968,984
T0200594,0,standing,984,1000
T0200594,0,standing,1000,1016
T0200594,0,standing,1016,1032
T0200594,0,standing,1032,1048
T0200594,0,standing,1048,1064
T0200594,0,standing,1064,1080
T0200594,0,standing,1080,1096
T0200594,0,standing,1096,1101
T0200594,0,grooming,1101,1117
T0200594,0,grooming,1117,1133
T0200594,0,grooming,1133,1149
T0200594,0,grooming,1149,1165
T0200594,0,grooming,1165,1181
T0200594,0,grooming,1181,1197
T0200594,0,grooming,1197,1213
T0200594,0,grooming,1213,1229
T0200594,0,grooming,1229,1245
T0200594,0,grooming,1245,1261
T0200594,0,grooming,1261,1277
T0200594,0,grooming,1277,1293
T0200594,0,grooming,1293,1309
T0200594,0,grooming,1309,1325
T0200594,0,grooming,1325,1341
T0200594,0,grooming,1341,1357
T0200594,0,grooming,1357,1373
T0200594,0,grooming,1373,1389
T0200594,0,grooming,1389,1405
T0200594,0,grooming,1405,1421
T0200594,0,grooming,1421,1437
T0200594,0,grooming,1437,1453
T0200594,0,grooming,1453,1469
T0200594,0,grooming,1469,1485
T0200594,0,grooming,1485,1487
T0200594,0,standing,1487,1503
T0200594,0,standing,1503,1519
T0200594,0,standing,1519,1535
T0200594,0,standing,1535,1537
T0200594,0,grooming,1537,1553
T0200594,0,grooming,1553,1569
T0200594,0,grooming,1569,1585
T0200594,0,grooming,1585,1598
T0200594,0,walk_away,1598,1614
T0200594,0,walk_away,1614,1630
T0200594,0,walk_away,1630,1643
T0200594,0,standing,1643,1659
T0200594,0,standing,1659,1675
T0200594,0,standing,1675,1691
T0200594,0,standing,1691,1707
T0200594,0,standing,1707,1723
T0200594,0,standing,1723,1738
T0200594,0,browsing,1738,1754
T0200594,0,browsing,1754,1770
T0200594,0,browsing,1770,1786
T0200594,0,browsing,1786,1800
T0200606,0,walk_left,1,17
T0200606,0,walk_left,17,33
T0200606,0,walk_left,33,35
T0200606,0,standing,35,51
T0200606,0,standing,51,67
T0200606,0,standing,67,80
T0200606,0,walk_left,80,96
T0200642,0,walk_left,1,17
T0200642,0,walk_left,17,33
T0200642,0,walk_left,33,37
T0200705,0,walk_right,1,17
T0200705,0,walk_right,17,33
T0200705,0,walk_right,33,48
T0200789,0,browsing,1,17
T0200789,0,browsing,17,33
T0200789,0,browsing,33,49
T0200789,0,browsing,49,65
T0200789,0,browsing,65,81
T0200789,0,browsing,81,97
T0200789,0,browsing,97,113
T0200789,0,browsing,113,129
T0200789,0,browsing,129,145
T0200789,0,browsing,145,161
T0200789,0,browsing,161,177
T0200789,0,browsing,177,193
T0200789,0,browsing,193,209
T0200789,0,browsing,209,225
T0200789,0,browsing,225,241
T0200789,0,browsing,241,257
T0200789,0,browsing,257,273
T0200789,0,browsing,273,289
T0200789,0,browsing,289,305
T0200789,0,browsing,305,321
T0200789,0,browsing,321,337
T0200789,0,browsing,337,353
T0200789,0,browsing,353,369
T0200789,0,browsing,369,385
T0200789,0,browsing,385,401
T0200789,0,browsing,401,417
T0200789,0,browsing,417,433
T0200789,0,browsing,433,449
T0200789,0,browsing,449,465
T0200789,0,browsing,465,481
T0200789,0,browsing,481,497
T0200789,0,browsing,497,513
T0200789,0,browsing,513,529
T0200789,0,browsing,529,545
T0200789,0,browsing,545,561
T0200789,0,browsing,561,577
T0200789,0,browsing,577,593
T0200789,0,browsing,593,609
T0200789,0,browsing,609,625
T0200789,0,browsing,625,641
T0200789,0,browsing,641,657
T0200789,0,browsing,657,673
T0200789,0,browsing,673,689
T0200789,0,browsing,689,705
T0200789,0,browsing,705,721
T0200789,0,browsing,721,737
T0200789,0,browsing,737,753
T0200789,0,browsing,753,769
T0200789,0,browsing,769,785
T0200789,0,browsing,785,801
T0200789,0,browsing,801,817
T0200789,0,browsing,817,833
T0200789,0,browsing,833,849
T0200789,0,browsing,849,865
T0200789,0,browsing,865,881
T0200789,0,browsing,881,897
T0200789,0,browsing,897,913
T0200789,0,browsing,913,929
T0200789,0,browsing,929,945
T0200789,0,browsing,945,961
T0200789,0,browsing,961,977
T0200789,0,browsing,977,993
T0200789,0,browsing,993,1009
T0200789,0,browsing,1009,1025
T0200789,0,browsing,1025,1041
T0200789,0,browsing,1041,1057
T0200789,0,browsing,1057,1073
T0200789,0,browsing,1073,1089
T0200789,0,browsing,1089,1105
T0200789,0,browsing,1105,1121
T0200789,0,browsing,1121,1137
T0200789,0,browsing,1137,1153
T0200789,0,browsing,1153,1169
T0200789,0,browsing,1169,1185
T0200789,0,browsing,1185,1201
T0200789,0,browsing,1201,1217
T0200789,0,browsing,1217,1233
T0200789,0,browsing,1233,1249
T0200789,0,browsing,1249,1265
T0200789,0,browsing,1265,1281
T0200789,0,browsing,1281,1297
T0200789,0,browsing,1297,1313
T0200789,0,browsing,1313,1329
T0200789,0,browsing,1329,1345
T0200789,0,browsing,1345,1361
T0200789,0,browsing,1361,1377
T0200789,0,browsing,1377,1393
T0200789,0,browsing,1393,1409
T0200789,0,browsing,1409,1425
T0200789,0,browsing,1425,1441
T0200789,0,browsing,1441,1457
T0200789,0,browsing,1457,1473
T0200789,0,browsing,1473,1489
T0200789,0,browsing,1489,1505
T0200789,0,browsing,1505,1521
T0200789,0,browsing,1521,1537
T0200789,0,browsing,1537,1553
T0200789,0,browsing,1553,1569
T0200789,0,browsing,1569,1585
T0200789,0,browsing,1585,1601
T0200789,0,browsing,1601,1609
T0200789,0,ear_scratching,1609,1625
T0200789,0,ear_scratching,1625,1641
T0200789,0,ear_scratching,1641,1657
T0200789,0,ear_scratching,1657,1673
T0200789,0,ear_scratching,1673,1689
T0200789,0,ear_scratching,1689,1705
T0200789,0,ear_scratching,1705,1721
T0200789,0,ear_scratching,1721,1737
T0200789,0,ear_scratching,1737,1753
T0200789,0,ear_scratching,1753,1769
T0200789,0,ear_scratching,1769,1785
T0200789,0,ear_scratching,1785,1800
T0200818,0,browsing,1,17
T0200818,0,browsing,17,33
T0200818,0,browsing,33,49
T0200818,0,browsing,49,65
T0200818,0,browsing,65,81
T0200818,0,browsing,81,97
T0200818,0,browsing,97,113
T0200818,0,browsing,113,129
T0200818,0,browsing,129,145
T0200818,0,browsing,145,161
T0200818,0,browsing,161,177
T0200818,0,browsing,177,193
T0200818,0,browsing,193,209
T0200818,0,browsing,209,225
T0200818,0,browsing,225,241
T0200818,0,browsing,241,257
T0200818,0,browsing,257,273
T0200818,0,browsing,273,289
T0200818,0,browsing,289,305
T0200818,0,browsing,305,321
T0200818,0,browsing,321,337
T0200818,0,browsing,337,353
T0200818,0,browsing,353,369
T0200818,0,browsing,369,385
T0200818,0,browsing,385,401
T0200818,0,browsing,401,417
T0200818,0,browsing,417,433
T0200818,0,browsing,433,449
T0200818,0,browsing,449,465
T0200818,0,browsing,465,481
T0200818,0,browsing,481,497
T0200818,0,browsing,497,513
T0200818,0,browsing,513,529
T0200818,0,browsing,529,545
T0200818,0,browsing,545,561
T0200818,0,browsing,561,577
T0200818,0,browsing,577,593
T0200818,0,browsing,593,609
T0200818,0,browsing,609,625
T0200818,0,browsing,625,641
T0200818,0,browsing,641,657
T0200818,0,browsing,657,673
T0200818,0,browsing,673,689
T0200818,0,browsing,689,705
T0200818,0,browsing,705,721
T0200818,0,browsing,721,737
T0200818,0,browsing,737,745
T0200818,0,ear_scratching,745,761
T0200818,0,ear_scratching,761,777
T0200818,0,ear_scratching,777,793
T0200818,0,ear_scratching,793,809
T0200818,0,ear_scratching,809,825
T0200818,0,ear_scratching,825,841
T0200818,0,ear_scratching,841,857
T0200818,0,ear_scratching,857,873
T0200818,0,ear_scratching,873,889
T0200818,0,ear_scratching,889,905
T0200818,0,ear_scratching,905,921
T0200818,0,ear_scratching,921,937
T0200818,0,ear_scratching,937,953
T0200818,0,ear_scratching,953,969
T0200818,0,ear_scratching,969,985
T0200818,0,ear_scratching,985,1001
T0200818,0,ear_scratching,1001,1017
T0200818,0,ear_scratching,1017,1033
T0200818,0,ear_scratching,1033,1049
T0200818,0,ear_scratching,1049,1060
T0200818,0,standing,1060,1076
T0200818,0,standing,1076,1092
T0200818,0,standing,1092,1108
T0200818,0,standing,1108,1124
T0200818,0,standing,1124,1140
T0200818,0,standing,1140,1156
T0200818,0,standing,1156,1172
T0200818,0,standing,1172,1180
T0200818,0,grooming,1180,1196
T0200818,0,grooming,1196,1212
T0200818,0,grooming,1212,1228
T0200818,0,grooming,1228,1244
T0200818,0,grooming,1244,1260
T0200818,0,grooming,1260,1276
T0200818,0,grooming,1276,1292
T0200818,0,grooming,1292,1308
T0200818,0,grooming,1308,1324
T0200818,0,grooming,1324,1340
T0200818,0,grooming,1340,1356
T0200818,0,grooming,1356,1372
T0200818,0,grooming,1372,1388
T0200818,0,grooming,1388,1404
T0200818,0,grooming,1404,1420
T0200818,0,grooming,1420,1436
T0200818,0,grooming,1436,1452
T0200818,0,grooming,1452,1468
T0200818,0,grooming,1468,1484
T0200818,0,grooming,1484,1500
T0200818,0,grooming,1500,1516
T0200818,0,grooming,1516,1532
T0200818,0,grooming,1532,1548
T0200818,0,grooming,1548,1564
T0200818,0,grooming,1564,1565
T0200878,0,browsing,1,17
T0200878,0,browsing,17,33
T0200878,0,browsing,33,49
T0200878,0,browsing,49,65
T0200878,0,browsing,65,81
T0200878,0,browsing,81,97
T0200878,0,browsing,97,113
T0200878,0,browsing,113,129
T0200878,0,browsing,129,145
T0200878,0,browsing,145,161
T0200878,0,browsing,161,177
T0200878,0,browsing,177,193
T0200878,0,browsing,193,209
T0200878,0,browsing,209,225
T0200878,0,browsing,225,241
T0200878,0,browsing,241,257
T0200878,0,browsing,257,273
T0200878,0,browsing,273,289
T0200878,0,browsing,289,305
T0200878,0,browsing,305,321
T0200878,0,browsing,321,337
T0200878,0,browsing,337,353
T0200878,0,browsing,353,369
T0200878,0,browsing,369,385
T0200878,0,browsing,385,401
T0200878,0,browsing,401,417
T0200878,0,browsing,417,433
T0200878,0,browsing,433,449
T0200878,0,browsing,449,465
T0200878,0,browsing,465,481
T0200878,0,browsing,481,497
T0200878,0,browsing,497,513
T0200878,0,browsing,513,529
T0200878,0,browsing,529,545
T0200878,0,browsing,545,561
T0200878,0,browsing,561,577
T0200878,0,browsing,577,593
T0200878,0,browsing,593,609
T0200878,0,browsing,609,625
T0200878,0,browsing,625,637
T0200878,0,standing,637,653
T0200878,0,standing,653,669
T0200878,0,standing,669,685
T0200878,0,standing,685,701
T0200878,0,standing,701,717
T0200878,0,standing,717,733
T0200878,0,standing,733,749
T0200878,0,standing,749,752
T0200878,0,browsing,752,768
T0200878,0,browsing,768,784
T0200878,0,browsing,784,800
T0200878,0,browsing,800,816
T0200878,0,browsing,816,832
T0200878,0,browsing,832,848
T0200878,0,browsing,848,864
T0200878,0,browsing,864,880
T0200878,0,browsing,880,896
T0200878,0,browsing,896,912
T0200878,0,standing,912,928
T0200878,0,standing,928,944
T0200878,0,standing,944,960
T0200878,0,standing,960,976
T0200878,0,standing,976,992
T0200878,0,standing,992,1008
T0200878,0,standing,1008,1024
T0200878,0,standing,1024,1040
T0200878,0,standing,1040,1056
T0200878,0,standing,1056,1072
T0200878,0,standing,1072,1079
T0200882,0,walk_right,31,47
T0200882,0,walk_right,47,63
T0200899,0,grooming,1,17
T0200899,0,grooming,17,33
T0200899,0,grooming,33,49
T0200899,0,grooming,49,65
T0200899,0,grooming,65,81
T0200899,0,grooming,81,97
T0200899,0,grooming,97,113
T0200899,0,grooming,113,129
T0200899,0,grooming,129,145
T0200899,0,grooming,145,161
T0200899,0,grooming,161,177
T0200899,0,grooming,177,193
T0200899,0,grooming,193,204
T0200899,0,standing,204,220
T0200899,0,standing,220,236
T0200899,0,standing,236,252
T0200899,0,standing,252,268
T0200899,0,standing,268,284
T0200899,0,standing,284,300
T0200899,0,standing,300,316
T0200899,0,standing,316,332
T0200899,0,standing,332,348
T0200899,0,standing,348,364
T0200899,0,standing,364,380
T0200899,0,standing,380,390
T0200899,0,grooming,390,406
T0200899,0,grooming,406,422
T0200899,0,grooming,422,438
T0200899,0,grooming,438,454
T0200899,0,grooming,454,470
T0200899,0,grooming,470,486
T0200899,0,grooming,486,502
T0200899,0,grooming,502,518
T0200899,0,grooming,518,534
T0200899,0,grooming,534,536
T0200899,0,standing,536,552
T0200899,0,standing,552,568
T0200899,0,standing,568,584
T0200899,0,standing,584,600
T0200899,0,standing,600,616
T0200899,0,standing,616,632
T0200899,0,standing,632,648
T0200899,0,standing,648,664
T0200899,0,standing,664,680
T0200899,0,standing,680,689
T0200899,0,browsing,689,705
T0200899,0,browsing,705,721
T0200899,0,browsing,721,737
T0200899,0,browsing,737,753
T0200899,0,browsing,753,769
T0200899,0,browsing,769,785
T0200899,0,browsing,785,801
T0200899,0,browsing,801,817
T0200899,0,browsing,817,833
T0200899,0,browsing,833,849
T0200899,0,browsing,849,865
T0200899,0,browsing,865,881
T0200899,0,browsing,881,897
T0200899,0,browsing,897,913
T0200899,0,browsing,913,929
T0200899,0,browsing,929,945
T0200899,0,browsing,945,961
T0200899,0,browsing,961,968
T0200899,0,standing,968,984
T0200899,0,standing,984,1000
T0200899,0,standing,1000,1012
T0200899,0,browsing,1012,1028
T0200899,0,browsing,1028,1044
T0200899,0,browsing,1044,1060
T0200899,0,browsing,1060,1076
T0200899,0,browsing,1076,1092
T0200899,0,browsing,1092,1108
T0200899,0,browsing,1108,1124
T0200899,0,browsing,1124,1140
T0200899,0,browsing,1140,1156
T0200899,0,browsing,1156,1172
T0200899,0,browsing,1172,1188
T0200899,0,browsing,1188,1204
T0200899,0,browsing,1204,1220
T0200899,0,browsing,1220,1236
T0200899,0,browsing,1236,1252
T0200899,0,browsing,1252,1268
T0200899,0,browsing,1268,1284
T0200899,0,browsing,1284,1300
T0200899,0,browsing,1300,1316
T0200899,0,browsing,1316,1332
T0200899,0,browsing,1332,1348
T0200899,0,browsing,1348,1364
T0200899,0,browsing,1364,1380
T0200899,0,browsing,1380,1396
T0200899,0,browsing,1396,1412
T0200899,0,browsing,1412,1428
T0200899,0,browsing,1428,1444
T0200899,0,browsing,1444,1460
T0200899,0,browsing,1460,1476
T0200899,0,browsing,1476,1492
T0200899,0,browsing,1492,1508
T0200899,0,standing,1508,1524
T0200899,0,standing,1524,1540
T0200899,0,standing,1540,1556
T0200899,0,standing,1556,1572
T0200899,0,standing,1572,1587
T0200899,0,grooming,1587,1603
T0200899,0,grooming,1603,1619
T0200899,0,grooming,1619,1635
T0200899,0,grooming,1635,1651
T0200899,0,grooming,1651,1667
T0200899,0,grooming,1667,1683
T0200899,0,grooming,1683,1699
T0200899,0,grooming,1699,1715
T0200899,0,grooming,1715,1731
T0200899,0,grooming,1731,1744
T0200899,0,standing,1744,1760
T0200899,0,standing,1760,1776
T0200899,0,standing,1776,1792
T0200899,0,standing,1792,1801
T0200964,0,standing,1,17
T0200964,0,standing,17,18
T0200964,0,browsing,18,34
T0200964,0,browsing,34,50
T0200964,0,browsing,50,66
T0200964,0,browsing,66,82
T0200964,0,browsing,82,84
T0200964,0,ear_scratching,84,100
T0200964,0,ear_scratching,100,116
T0200964,0,ear_scratching,116,132
T0200964,0,ear_scratching,132,148
T0200964,0,ear_scratching,148,164
T0200964,0,ear_scratching,164,180
T0200964,0,ear_scratching,180,196
T0200964,0,ear_scratching,196,212
T0200964,0,ear_scratching,212,228
T0200964,0,ear_scratching,228,244
T0200964,0,ear_scratching,244,260
T0200964,0,ear_scratching,260,276
T0200964,0,ear_scratching,276,280
T0200964,0,standing,280,296
T0200964,0,standing,296,312
T0200964,0,standing,312,316
T0200964,0,walk_right,316,332
T0200964,0,walk_right,332,348
T0200964,0,walk_right,348,364
T0200964,0,walk_right,364,380
T0200964,0,walk_right,380,396
T0200964,0,walk_right,396,402
T0100001,0,walk_left,1,17
T0100001,0,walk_left,17,33
T0100001,0,walk_left,33,49
T0100001,0,walk_left,49,65
T0100001,0,walk_left,65,71
T0100008,0,walk_left,1,17
T0100008,0,walk_left,17,33
T0100008,0,walk_left,33,49
T0100008,0,walk_left,49,65
T0100008,0,walk_left,65,81
T0100008,0,walk_left,81,96
T0100126,0,browsing,1,17
T0100126,0,browsing,17,33
T0100126,0,browsing,33,49
T0100126,0,browsing,49,65
T0100126,0,browsing,65,81
T0100126,0,browsing,81,97
T0100126,0,browsing,97,113
T0100126,0,browsing,113,129
T0100126,0,browsing,129,136
T0100136,0,walk_towards,1,6
T0100175,0,walk_left,1,17
T0100175,0,walk_left,17,26
T0200045,0,browsing,1,17
T0200045,0,browsing,17,31
T0200045,0,walk_left,231,247
T0200045,0,walk_left,247,261
T0200050,0,browsing,1,17
T0200050,0,browsing,17,33
T0200050,0,browsing,33,49
T0200050,0,browsing,49,65
T0200050,0,browsing,65,81
T0200050,0,browsing,81,97
T0200050,0,browsing,97,113
T0200050,0,browsing,113,129
T0200050,0,browsing,129,145
T0200050,0,browsing,145,161
T0200050,0,browsing,161,177
T0200050,0,browsing,177,193
T0200050,0,browsing,193,209
T0200050,0,browsing,209,225
T0200050,0,browsing,225,241
T0200050,0,browsing,241,257
T0200050,0,browsing,257,273
T0200050,0,browsing,273,289
T0200050,0,browsing,289,305
T0200050,0,browsing,305,321
T0200050,0,browsing,321,337
T0200050,0,browsing,337,353
T0200050,0,browsing,353,369
T0200050,0,browsing,369,385
T0200050,0,browsing,385,401
T0200050,0,walk_right,436,452
T0200050,0,walk_right,452,468
T0200050,0,walk_right,468,484
T0200050,0,walk_right,484,500
T0200050,0,walk_right,500,516
T0200050,0,browsing,521,537
T0200050,0,browsing,537,553
T0200050,0,browsing,553,569
T0200050,0,browsing,569,585
T0200050,0,browsing,585,601
T0200050,0,browsing,601,617
T0200050,0,browsing,617,633
T0200050,0,browsing,633,649
T0200050,0,browsing,649,661
T0200050,0,walk_right,666,682
T0200050,0,walk_right,682,696
T0200050,0,browsing,701,717
T0200050,0,browsing,717,733
T0200050,0,browsing,733,749
T0200050,0,browsing,749,765
T0200050,0,browsing,765,781
T0200050,0,browsing,781,797
T0200050,0,browsing,797,813
T0200050,0,browsing,813,829
T0200050,0,browsing,829,845
T0200050,0,browsing,845,861
T0200050,0,browsing,861,877
T0200050,0,browsing,877,893
T0200050,0,browsing,893,909
T0200050,0,browsing,909,925
T0200050,0,browsing,925,941
T0200050,0,browsing,941,957
T0200050,0,browsing,957,973
T0200050,0,browsing,973,989
T0200050,0,browsing,989,1005
T0200050,0,browsing,1005,1021
T0200050,0,browsing,1021,1037
T0200050,0,browsing,1037,1053
T0200050,0,browsing,1053,1069
T0200050,0,browsing,1069,1085
T0200050,0,browsing,1085,1101
T0200050,0,browsing,1101,1116
T0200050,0,grooming,1121,1137
T0200050,0,grooming,1137,1153
T0200050,0,grooming,1153,1169
T0200050,0,grooming,1169,1185
T0200050,0,grooming,1185,1201
T0200050,0,grooming,1201,1217
T0200050,0,grooming,1217,1226
T0200050,0,standing,1231,1247
T0200050,0,standing,1247,1263
T0200050,0,standing,1263,1271
T0200050,0,walk_right,1276,1292
T0200050,0,walk_right,1292,1308
T0200050,0,walk_right,1308,1324
T0200050,0,walk_right,1324,1340
T0200050,0,walk_right,1340,1341
T0200050,0,browsing,1346,1362
T0200050,0,browsing,1362,1378
T0200050,0,browsing,1378,1394
T0200050,0,browsing,1394,1410
T0200050,0,browsing,1410,1426
T0200050,0,browsing,1426,1442
T0200050,0,browsing,1442,1458
T0200050,0,browsing,1458,1474
T0200050,0,browsing,1474,1490
T0200050,0,browsing,1490,1506
T0200050,0,browsing,1506,1522
T0200050,0,browsing,1522,1538
T0200050,0,browsing,1538,1554
T0200050,0,browsing,1554,1570
T0200050,0,browsing,1570,1586
T0200050,0,browsing,1586,1602
T0200050,0,browsing,1602,1618
T0200050,0,browsing,1618,1634
T0200050,0,browsing,1634,1650
T0200050,0,browsing,1650,1666
T0200050,0,browsing,1666,1681
T0200051,0,walk_away,1006,1022
T0200051,0,walk_away,1022,1038
T0200051,0,walk_away,1038,1054
T0200051,0,walk_away,1054,1070
T0200051,0,walk_away,1070,1086
T0200051,0,walk_away,1086,1089
T0200052,0,walk_right,1,11
T0200052,0,browsing,16,32
T0200052,0,browsing,32,48
T0200052,0,browsing,48,64
T0200052,0,browsing,64,66
T0200052,0,walk_right,71,81
T0200052,0,browsing,86,102
T0200052,0,browsing,102,118
T0200052,0,browsing,118,134
T0200052,0,browsing,134,150
T0200052,0,browsing,150,166
T0200052,0,browsing,166,182
T0200052,0,browsing,182,198
T0200052,0,browsing,198,214
T0200052,0,browsing,214,230
T0200052,0,browsing,230,246
T0200052,0,browsing,246,262
T0200052,0,browsing,262,278
T0200052,0,browsing,278,294
T0200052,0,browsing,294,310
T0200052,0,browsing,310,326
T0200052,0,browsing,326,342
T0200052,0,browsing,342,346
T0200052,0,walk_right,351,367
T0200052,0,walk_right,367,381
T0200052,0,standing,386,402
T0200052,0,standing,402,418
T0200052,0,standing,418,434
T0200052,0,standing,434,450
T0200052,0,standing,450,461
T0200052,0,grooming,466,482
T0200052,0,grooming,482,498
T0200052,0,grooming,498,514
T0200052,0,grooming,514,530
T0200052,0,grooming,530,546
T0200052,0,grooming,546,562
T0200052,0,grooming,562,578
T0200052,0,grooming,578,594
T0200052,0,grooming,594,610
T0200052,0,grooming,610,616
T0200052,0,standing,621,637
T0200052,0,standing,637,653
T0200052,0,standing,653,669
T0200052,0,standing,669,685
T0200052,0,standing,685,701
T0200052,0,standing,701,717
T0200052,0,standing,717,721
T0200053,0,standing,1,17
T0200053,0,standing,17,33
T0200053,0,standing,33,49
T0200053,0,standing,49,65
T0200053,0,standing,65,81
T0200053,0,standing,81,97
T0200053,0,standing,97,113
T0200053,0,standing,113,116
T0200053,0,browsing,116,132
T0200053,0,browsing,132,148
T0200053,0,browsing,148,164
T0200053,0,browsing,164,180
T0200053,0,browsing,180,196
T0200053,0,browsing,196,212
T0200053,0,browsing,212,216
T0200053,0,grooming,216,232
T0200053,0,grooming,232,248
T0200053,0,grooming,248,264
T0200053,0,grooming,264,280
T0200053,0,grooming,280,296
T0200053,0,grooming,296,312
T0200053,0,grooming,312,328
T0200053,0,grooming,328,344
T0200053,0,grooming,344,360
T0200053,0,grooming,360,366
T0200053,0,standing,366,382
T0200053,0,standing,382,398
T0200053,0,standing,398,414
T0200053,0,standing,414,430
T0200053,0,standing,430,446
T0200053,0,standing,446,462
T0200053,0,standing,462,478
T0200053,0,standing,478,494
T0200053,0,standing,494,510
T0200053,0,standing,510,521
T0200053,0,walk_left,521,537
T0200053,0,walk_left,537,553
T0200053,0,walk_left,553,566
T0200054,0,standing,1,17
T0200054,0,standing,17,33
T0200054,0,standing,33,41
T0200055,0,standing,1,16
T0200055,0,walk_right,231,247
T0200055,0,walk_right,247,263
T0200055,0,walk_right,263,279
T0200055,0,walk_right,279,295
T0200055,0,walk_right,295,311
T0200055,0,walk_right,311,326
T0200055,0,standing,996,1006
T0200056,0,standing,1,17
T0200056,0,standing,17,33
T0200056,0,standing,33,49
T0200056,0,standing,49,51
T0200056,0,browsing,51,67
T0200056,0,browsing,67,83
T0200056,0,browsing,83,99
T0200056,0,browsing,99,115
T0200056,0,browsing,115,131
T0200056,0,browsing,131,147
T0200056,0,browsing,147,163
T0200056,0,browsing,163,179
T0200056,0,browsing,179,195
T0200056,0,browsing,195,211
T0200056,0,browsing,211,227
T0200056,0,browsing,227,243
T0200056,0,browsing,243,259
T0200056,0,browsing,259,275
T0200056,0,browsing,275,291
T0200056,0,browsing,291,307
T0200056,0,browsing,307,323
T0200056,0,browsing,323,339
T0200056,0,browsing,339,355
T0200056,0,browsing,355,371
T0200056,0,browsing,371,387
T0200056,0,browsing,387,403
T0200056,0,browsing,403,419
T0200056,0,browsing,419,435
T0200056,0,browsing,435,451
T0200056,0,browsing,451,456
T0200076,0,browsing,1,17
T0200076,0,browsing,17,33
T0200076,0,browsing,33,49
T0200076,0,browsing,49,56
T0200076,0,browsing,946,962
T0200076,0,browsing,962,978
T0200076,0,browsing,978,994
T0200076,0,browsing,994,1010
T0200076,0,browsing,1010,1026
T0200076,0,browsing,1026,1041
T0200076,0,walk_left,1071,1087
T0200076,0,walk_left,1087,1096
T0200076,0,browsing,1096,1112
T0200076,0,browsing,1112,1128
T0200076,0,browsing,1128,1144
T0200076,0,browsing,1144,1160
T0200076,0,browsing,1160,1176
T0200076,0,browsing,1176,1192
T0200076,0,browsing,1192,1208
T0200076,0,browsing,1208,1216
T0200076,0,standing,1216,1232
T0200076,0,standing,1232,1248
T0200076,0,standing,1248,1264
T0200076,0,standing,1264,1276
T0200076,0,browsing,1276,1292
T0200076,0,browsing,1292,1308
T0200076,0,browsing,1308,1324
T0200076,0,browsing,1324,1340
T0200076,0,browsing,1340,1356
T0200076,0,browsing,1356,1372
T0200076,0,browsing,1372,1388
T0200076,0,browsing,1388,1404
T0200076,0,browsing,1404,1420
T0200076,0,browsing,1420,1436
T0200076,0,browsing,1436,1452
T0200076,0,browsing,1452,1468
T0200076,0,browsing,1468,1484
T0200076,0,browsing,1484,1500
T0200076,0,browsing,1500,1516
T0200076,0,browsing,1516,1532
T0200076,0,browsing,1532,1548
T0200076,0,browsing,1548,1564
T0200076,0,browsing,1564,1580
T0200076,0,browsing,1580,1596
T0200076,0,browsing,1596,1612
T0200076,0,browsing,1612,1628
T0200076,0,browsing,1628,1644
T0200076,0,browsing,1644,1660
T0200076,0,browsing,1660,1676
T0200076,0,browsing,1676,1692
T0200076,0,browsing,1692,1708
T0200076,0,browsing,1708,1724
T0200076,0,browsing,1724,1740
T0200076,0,browsing,1740,1756
T0200076,0,browsing,1756,1772
T0200076,0,browsing,1772,1788
T0200076,0,browsing,1788,1796
T0200078,0,browsing,1,17
T0200078,0,browsing,17,33
T0200078,0,browsing,33,49
T0200078,0,browsing,49,65
T0200078,0,browsing,65,81
T0200078,0,browsing,81,97
T0200078,0,browsing,97,113
T0200078,0,browsing,113,129
T0200078,0,browsing,129,145
T0200078,0,browsing,145,161
T0200078,0,browsing,161,177
T0200078,0,browsing,177,193
T0200078,0,browsing,193,209
T0200078,0,browsing,209,225
T0200078,0,browsing,225,241
T0200078,0,browsing,241,257
T0200078,0,browsing,257,273
T0200078,0,browsing,273,289
T0200078,0,browsing,289,305
T0200078,0,browsing,305,321
T0200078,0,browsing,321,337
T0200078,0,browsing,337,353
T0200078,0,browsing,353,369
T0200078,0,browsing,369,385
T0200078,0,browsing,385,401
T0200078,0,browsing,401,417
T0200078,0,browsing,417,433
T0200078,0,browsing,433,449
T0200078,0,browsing,449,465
T0200078,0,browsing,465,481
T0200078,0,browsing,481,497
T0200078,0,browsing,497,513
T0200078,0,browsing,513,529
T0200078,0,browsing,529,541
T0200078,0,standing,546,562
T0200078,0,standing,562,578
T0200078,0,standing,578,591
T0200078,0,browsing,596,612
T0200078,0,browsing,612,628
T0200078,0,browsing,628,644
T0200078,0,browsing,644,660
T0200078,0,browsing,660,661
T0200078,0,walk_left,666,682
T0200078,0,walk_left,682,698
T0200078,0,walk_left,698,714
T0200078,0,walk_left,714,726
T0200078,0,browsing,731,747
T0200078,0,browsing,747,763
T0200078,0,browsing,763,779
T0200078,0,browsing,779,795
T0200078,0,browsing,795,811
T0200078,0,browsing,811,827
T0200078,0,browsing,827,841
T0200080,0,standing,1,17
T0200080,0,standing,17,33
T0200080,0,standing,33,41
T0200080,0,walk_towards,46,62
T0200080,0,walk_towards,62,78
T0200080,0,walk_towards,78,94
T0200080,0,walk_towards,94,101
T0200080,0,standing,106,122
T0200080,0,standing,122,131
T0200080,0,browsing,136,152
T0200080,0,browsing,152,168
T0200080,0,browsing,168,176
T0200080,0,standing,176,191
T0200080,0,browsing,196,212
T0200080,0,browsing,212,226
T0200080,0,standing,231,247
T0200080,0,standing,247,263
T0200080,0,standing,263,266
T0200080,0,browsing,271,287
T0200080,0,browsing,287,303
T0200080,0,browsing,303,319
T0200080,0,browsing,319,335
T0200080,0,browsing,335,351
T0200080,0,browsing,351,361
T0200080,0,standing,366,376
T30R00680,0,walk_left,1,17
T30R00680,0,walk_left,17,33
T30R00680,0,walk_left,33,49
T30R00680,0,walk_left,49,65
T30R00680,0,walk_left,65,81
T30R00680,0,walk_left,81,88
T30R00518,0,walk_right,1,17
T30R00518,0,walk_right,17,33
T30R00518,0,walk_right,33,49
T30R00518,0,walk_right,49,65
T30R00518,0,walk_right,65,81
T30R00518,0,walk_right,81,97
T30R00518,0,walk_right,97,108
T30R00511,0,walk_right,867,883
T30R00511,0,walk_right,883,899
T30R00511,0,walk_right,899,915
T30R00511,0,walk_right,915,931
T30R00511,0,walk_right,931,937
T09L00007,0,walk_right,1,17
T09L00007,0,walk_right,17,33
T09L00007,0,walk_right,33,49
T09L00007,0,walk_right,49,65
T09L00007,0,walk_right,65,81
T09L00007,0,walk_right,81,97
T09L00007,0,walk_right,97,113
T09L00007,0,walk_right,113,120
T09L00009,0,walk_left,1,17
T09L00009,0,walk_left,17,33
T09L00009,0,walk_left,33,49
T09L00009,0,walk_left,49,65
T09L00009,0,walk_left,65,81
T09L00009,0,walk_left,81,82
T09L00009,1,walk_away,1,17
T09L00009,1,walk_away,17,20
T09L00009,1,walk_away,22,38
T09L00009,1,walk_away,38,50
T09L00009,1,walk_left,50,66
T09L00009,1,walk_left,66,82
T09L00009,2,standing,1,17
T09L00009,2,standing,17,33
T09L00009,2,standing,33,49
T09L00009,2,standing,49,65
T09L00009,2,standing,65,81
T09L00009,2,standing,81,82
T09L00009,2,walk_left,110,126
T09L00009,2,walk_left,126,127
T09L00009,1,walk_left,130,146
T09L00009,1,walk_left,146,162
T09L00009,1,walk_left,162,178
T09L00009,1,walk_left,178,194
T09L00009,1,walk_left,194,210
T09L00009,1,walk_left,210,222
T09L00010,0,browsing,1,17
T09L00010,0,browsing,17,33
T09L00010,0,browsing,33,41
T09L00010,1,browsing,50,66
T09L00010,1,browsing,66,82
T09L00010,1,browsing,82,98
T09L00010,1,browsing,98,114
T09L00010,1,browsing,114,120
T09L00010,1,browsing,265,281
T09L00010,1,browsing,281,297
T09L00010,1,browsing,297,313
T09L00010,1,browsing,313,329
T09L00010,1,browsing,329,345
T09L00010,1,browsing,345,361
T09L00010,1,browsing,361,377
T09L00010,1,browsing,377,393
T09L00010,1,browsing,393,409
T09L00010,1,browsing,409,425
T09L00010,1,browsing,425,435
T09L00010,0,walk_towards,265,281
T09L00010,0,walk_towards,281,297
T09L00010,0,walk_towards,297,313
T09L00010,0,walk_towards,313,329
T09L00010,0,walk_towards,329,345
T09L00010,0,walk_towards,345,361
T09L00010,0,walk_towards,361,377
T09L00010,0,walk_right,377,393
T09L00010,0,walk_right,393,409
T09L00010,0,walk_right,409,425
T09L00010,0,walk_right,425,435
T09L00017,0,standing,1,17
T09L00017,0,standing,17,20
T09L00017,0,walk_right,20,32
T09L00018,0,browsing,1,17
T09L00018,0,browsing,17,33
T09L00018,0,browsing,33,40
T09L00018,0,standing,40,56
T09L00018,0,standing,56,72
T09L00018,0,standing,72,88
T09L00018,0,standing,88,93
T09L00018,0,walk_right,93,109
T09L00018,0,walk_right,109,120
T09L00021,0,walk_left,10,26
T09L00021,0,walk_left,26,42
T09L00021,0,walk_left,42,58
T09L00021,0,walk_left,58,74
T09L00021,0,walk_left,74,90
T09L00021,0,walk_left,90,102
T09L00023,0,walk_left,20,33
T09L00023,1,walk_left,20,33
T09L00023,0,walk_left,36,52
T09L00023,0,walk_left,52,68
T09L00023,0,walk_left,68,84
T09L00023,0,walk_left,84,85
T09L00024,0,walk_left,10,26
T09L00024,0,walk_left,26,42
T09L00024,0,walk_left,42,58
T09L00024,0,walk_left,58,60
T09L00050,0,walk_right,953,969
T09L00050,0,walk_right,969,985
T09L00050,0,walk_right,985,1001
T09L00050,0,walk_right,1001,1017
T09L00050,0,walk_right,1017,1030
T09L00051,0,walk_left,1,17
T09L00051,0,walk_left,17,33
T09L00051,0,walk_left,50,66
T09L00051,0,walk_left,66,82
T09L00051,0,walk_left,82,98
T09L00051,0,walk_left,98,100
T09L00051,0,browsing,100,116
T09L00051,0,browsing,116,125
T09L00051,0,standing,125,136
T09L00051,0,browsing,136,152
T09L00051,0,browsing,152,163
T09L00051,0,standing,163,179
T09L00051,0,standing,179,180
T09L00051,0,walk_left,180,196
T09L00051,0,walk_left,196,210
T09L00054,0,standing,1,17
T09L00054,0,standing,17,33
T09L00054,0,standing,33,49
T09L00054,0,standing,49,65
T09L00054,0,standing,65,81
T09L00054,0,standing,81,97
T09L00054,0,standing,97,113
T09L00054,0,standing,113,129
T09L00054,0,standing,129,145
T09L00054,0,standing,145,161
T09L00054,0,standing,161,164
T09L00054,0,walk_right,164,180
T09L00054,0,walk_right,180,190
T09L00063,0,walk_left,56,71
T09L00069,0,walk_left,1,17
T09L00069,0,walk_left,17,27
T09L00069,0,walk_left,34,50
T09L00069,0,walk_left,50,66
T09L00069,0,walk_left,66,70
T09L00069,1,walk_left,34,50
T09L00069,1,walk_left,50,66
T09L00069,1,walk_left,66,70
T09L00069,0,walk_left,80,96
T09L00069,0,walk_left,96,112
T09L00069,0,walk_left,112,128
T09L00069,0,walk_left,128,138
T09L00069,0,walk_away,138,140
T09L00069,0,browsing,140,156
T09L00069,0,browsing,156,172
T09L00069,0,browsing,172,178
T09L00069,0,walk_left,178,194
T09L00069,0,walk_left,194,200
T09L00072,0,walk_left,1,17
T09L00072,0,walk_left,17,33
T09L00072,0,walk_left,33,49
T09L00072,0,walk_left,49,52
T09L00075,0,browsing,1,17
T09L00075,0,browsing,17,33
T09L00075,0,browsing,33,40
T09L00075,1,browsing,45,61
T09L00075,1,browsing,61,70
T09L00075,1,walk_left,1,17
T09L00075,1,walk_left,17,33
T09L00075,1,walk_left,33,40
T09L00075,0,walk_left,45,61
T09L00075,0,walk_left,61,70
T09L00075,0,standing,103,119
T09L00075,0,standing,119,135
T09L00075,0,standing,135,151
T09L00075,0,standing,151,157
T09L00075,0,walk_left,157,173
T09L00075,0,walk_left,173,182
T09L00084,0,walk_left,16,32
T09L00084,0,walk_left,32,48
T09L00084,0,standing,48,64
T09L00084,0,standing,64,80
T09L00084,0,standing,80,86
T09L00124,0,walk_left,1,17
T09L00124,0,walk_left,17,33
T09L00124,0,walk_left,33,49
T09L00124,0,walk_left,49,65
T09L00124,0,walk_left,65,66
T09L00128,0,standing,1,17
T09L00128,0,standing,17,28
T09L00128,0,browsing,28,44
T09L00128,0,browsing,44,50
T09L00128,0,standing,50,66
T09L00128,0,standing,66,82
T09L00128,0,standing,82,98
T09L00128,0,standing,98,114
T09L00128,0,standing,114,130
T09L00128,0,standing,130,146
T09L00128,0,standing,146,162
T09L00128,0,standing,162,178
T09L00128,0,standing,178,194
T09L00128,0,standing,194,210
T09L00128,0,standing,210,226
T09L00128,0,standing,226,242
T09L00128,0,standing,242,258
T09L00128,0,standing,258,274
T09L00128,0,standing,274,290
T09L00128,0,standing,290,306
T09L00128,0,standing,306,322
T09L00128,0,standing,322,338
T09L00128,0,standing,338,340
T09L00128,0,walk_right,340,356
T09L00128,0,walk_right,356,360
T09L00149,0,walk_right,1,17
T09L00149,0,walk_right,17,33
T09L00149,0,walk_right,33,45
T09L00160,0,standing,1,17
T09L00160,0,standing,17,33
T09L00160,0,standing,33,49
T09L00160,0,standing,49,65
T09L00160,0,standing,65,81
T09L00160,0,standing,81,97
T09L00160,0,standing,97,113
T09L00160,0,standing,113,129
T09L00160,0,standing,129,145
T09L00160,0,standing,145,161
T09L00160,0,standing,161,177
T09L00160,0,standing,177,193
T09L00160,0,standing,193,209
T09L00160,0,standing,209,225
T09L00160,0,standing,225,241
T09L00160,0,standing,241,257
T09L00160,0,standing,257,273
T09L00160,0,standing,273,289
T09L00160,0,standing,289,305
T09L00160,0,standing,305,321
T09L00160,0,standing,321,337
T09L00160,0,standing,337,353
T09L00160,0,standing,353,369
T09L00160,0,standing,369,385
T09L00160,0,standing,385,401
T09L00160,0,standing,401,417
T09L00160,0,standing,417,433
T09L00160,0,standing,433,449
T09L00160,0,standing,449,465
T09L00160,0,standing,465,481
T09L00160,0,standing,481,497
T09L00160,0,standing,497,513
T09L00160,0,standing,513,529
T09L00160,0,standing,529,545
T09L00160,0,standing,545,561
T09L00160,0,standing,561,577
T09L00160,0,standing,577,593
T09L00160,0,standing,593,609
T09L00160,0,standing,609,625
T09L00160,0,standing,625,641
T09L00160,0,standing,641,657
T09L00160,0,standing,657,673
T09L00160,0,standing,673,689
T09L00160,0,standing,689,705
T09L00160,0,standing,705,721
T09L00160,0,standing,721,737
T09L00160,0,standing,737,753
T09L00160,0,standing,753,769
T09L00160,0,standing,769,785
T09L00160,0,standing,785,801
T09L00160,0,standing,801,817
T09L00160,0,standing,817,833
T09L00160,0,standing,833,849
T09L00160,0,standing,849,865
T09L00160,0,standing,865,881
T09L00160,0,standing,881,886
T09L00160,0,walk_towards,886,902
T09L00160,0,walk_towards,902,918
T09L00160,0,walk_towards,918,934
T09L00160,0,walk_towards,934,950
T09L00160,0,walk_towards,950,966
T09L00160,0,walk_towards,966,982
T09L00160,0,walk_towards,982,983
T09L00160,0,standing,983,999
T09L00160,0,standing,999,1015
T09L00160,0,standing,1015,1031
T09L00160,0,standing,1031,1047
T09L00160,0,standing,1047,1063
T09L00160,0,standing,1063,1079
T09L00160,0,standing,1079,1095
T09L00160,0,standing,1095,1111
T09L00160,0,standing,1111,1127
T09L00160,0,standing,1127,1143
T09L00160,0,standing,1143,1159
T09L00160,0,standing,1159,1175
T09L00160,0,standing,1175,1191
T09L00160,0,standing,1191,1207
T09L00160,0,standing,1207,1223
T09L00160,0,standing,1223,1239
T09L00160,0,standing,1239,1255
T09L00160,0,standing,1255,1271
T09L00160,0,standing,1271,1287
T09L00160,0,standing,1287,1303
T09L00160,0,standing,1303,1319
T09L00160,0,standing,1319,1335
T09L00160,0,standing,1335,1351
T09L00160,0,standing,1351,1367
T09L00160,0,standing,1367,1383
T09L00160,0,standing,1383,1399
T09L00160,0,standing,1399,1415
T09L00160,0,standing,1415,1431
T09L00160,0,standing,1431,1447
T09L00160,0,standing,1447,1463
T09L00160,0,standing,1463,1479
T09L00160,0,standing,1479,1495
T09L00160,0,standing,1495,1511
T09L00160,0,standing,1511,1527
T09L00160,0,standing,1527,1543
T09L00160,0,standing,1543,1559
T09L00160,0,standing,1559,1575
T09L00160,0,standing,1575,1578
T09L00160,0,walk_right,1578,1594
T09L00160,0,walk_right,1594,1610
T09L00160,0,walk_right,1610,1626
T09L00160,0,walk_right,1626,1642
T09L00160,0,walk_right,1642,1658
T09L00160,0,walk_right,1658,1667
T09L00174,0,walk_left,33,49
T09L00174,0,walk_left,49,53
T09L00174,0,browsing,53,69
T09L00174,0,browsing,69,85
T09L00174,0,browsing,85,101
T09L00174,0,browsing,101,117
T09L00174,0,browsing,117,130
T09L00174,0,walk_left,130,146
T09L00174,0,walk_left,146,162
T09L00174,0,walk_left,162,178
T09L00174,0,walk_left,178,194
T09L00174,0,walk_left,194,210
T09L00174,0,walk_left,210,226
T09L00174,0,walk_left,226,242
T09L00174,0,walk_left,242,258
T09L00174,0,walk_left,258,268
T09L00174,0,walk_away,268,284
T09L00174,0,walk_away,284,300
T09L00174,0,walk_away,300,316
T09L00174,0,walk_away,316,332
T09L00174,0,walk_away,332,340
T09L00174,0,standing,340,356
T09L00174,0,standing,356,372
T09L00174,0,standing,372,388
T09L00174,0,standing,388,404
T09L00174,0,standing,404,420
T09L00174,0,standing,420,436
T09L00174,0,standing,436,446
T09L00174,0,grooming,446,462
T09L00174,0,grooming,462,478
T09L00174,0,grooming,478,494
T09L00174,0,grooming,494,510
T09L00174,0,grooming,510,518
T09L00174,0,browsing,690,706
T09L00174,0,browsing,706,722
T09L00174,0,browsing,722,738
T09L00174,0,browsing,738,754
T09L00174,0,browsing,754,770
T09L00174,0,browsing,770,786
T09L00174,0,browsing,786,802
T09L00174,0,browsing,802,818
T09L00174,0,browsing,818,834
T09L00174,0,browsing,834,850
T09L00174,0,browsing,850,866
T09L00174,0,browsing,866,882
T09L00174,0,browsing,882,898
T09L00174,0,browsing,898,914
T09L00174,0,browsing,914,930
T09L00174,0,browsing,930,946
T09L00174,0,browsing,946,962
T09L00174,0,browsing,962,978
T09L00174,0,browsing,978,994
T09L00174,0,browsing,994,1010
T09L00174,0,browsing,1010,1026
T09L00174,0,browsing,1026,1042
T09L00174,0,browsing,1042,1058
T09L00174,0,browsing,1058,1074
T09L00174,0,browsing,1074,1090
T09L00174,0,browsing,1090,1106
T09L00174,0,browsing,1106,1122
T09L00174,0,browsing,1122,1138
T09L00174,0,browsing,1138,1154
T09L00174,0,browsing,1154,1170
T09L00174,0,browsing,1170,1186
T09L00174,0,browsing,1186,1202
T09L00174,0,browsing,1202,1218
T09L00174,0,browsing,1218,1234
T09L00174,0,browsing,1234,1250
T09L00174,0,browsing,1250,1266
T09L00174,0,browsing,1266,1282
T09L00174,0,browsing,1282,1298
T09L00174,0,browsing,1298,1314
T09L00174,0,browsing,1314,1330
T09L00174,0,browsing,1330,1346
T09L00174,0,browsing,1346,1362
T09L00174,0,browsing,1362,1378
T09L00174,0,browsing,1378,1394
T09L00174,0,browsing,1394,1410
T09L00174,0,browsing,1410,1426
T09L00174,0,browsing,1426,1442
T09L00174,0,browsing,1442,1458
T09L00174,0,browsing,1458,1474
T09L00174,0,browsing,1474,1490
T09L00174,0,browsing,1490,1506
T09L00174,0,browsing,1506,1522
T09L00174,0,browsing,1522,1538
T09L00174,0,browsing,1538,1554
T09L00174,0,browsing,1554,1570
T09L00174,0,browsing,1570,1586
T09L00174,0,browsing,1586,1602
T09L00174,0,browsing,1602,1618
T09L00174,0,browsing,1618,1634
T09L00174,0,browsing,1634,1650
T09L00174,0,browsing,1650,1666
T09L00174,0,browsing,1666,1682
T09L00174,0,browsing,1682,1698
T09L00174,0,browsing,1698,1714
T09L00174,0,browsing,1714,1730
T09L00174,0,browsing,1730,1746
T09L00174,0,browsing,1746,1762
T09L00174,0,browsing,1762,1778
T09L00174,0,browsing,1778,1794
T09L00174,0,browsing,1794,1800
T09L00174,1,browsing,690,706
T09L00174,1,browsing,706,722
T09L00174,1,browsing,722,738
T09L00174,1,browsing,738,754
T09L00174,1,browsing,754,770
T09L00174,1,browsing,770,786
T09L00174,1,browsing,786,802
T09L00174,1,browsing,802,818
T09L00174,1,browsing,818,834
T09L00174,1,browsing,834,850
T09L00174,1,browsing,850,866
T09L00174,1,browsing,866,870
T09L00174,1,standing,870,886
T09L00174,1,standing,886,902
T09L00174,1,standing,902,918
T09L00174,1,standing,918,934
T09L00174,1,standing,934,940
T09L00174,1,browsing,940,956
T09L00174,1,browsing,956,972
T09L00174,1,browsing,972,988
T09L00174,1,browsing,988,1004
T09L00174,1,browsing,1004,1020
T09L00174,1,browsing,1020,1034
T09L00174,1,walk_left,1034,1050
T09L00174,1,walk_left,1050,1066
T09L00174,1,walk_left,1066,1082
T09L00174,1,walk_left,1082,1098
T09L00174,1,walk_left,1098,1107
T09L00174,1,browsing,1107,1123
T09L00174,1,browsing,1123,1139
T09L00174,1,browsing,1139,1155
T09L00174,1,browsing,1155,1171
T09L00174,1,browsing,1171,1187
T09L00174,1,browsing,1187,1203
T09L00174,1,browsing,1203,1219
T09L00174,1,browsing,1219,1235
T09L00174,1,browsing,1235,1251
T09L00174,1,browsing,1251,1267
T09L00174,1,browsing,1267,1283
T09L00174,1,browsing,1283,1299
T09L00174,1,browsing,1299,1315
T09L00174,1,browsing,1315,1331
T09L00174,1,browsing,1331,1347
T09L00174,1,browsing,1347,1363
T09L00174,1,browsing,1363,1379
T09L00174,1,browsing,1379,1395
T09L00174,1,browsing,1395,1411
T09L00174,1,browsing,1411,1427
T09L00174,1,browsing,1427,1443
T09L00174,1,browsing,1443,1459
T09L00174,1,browsing,1459,1475
T09L00174,1,browsing,1475,1491
T09L00174,1,browsing,1491,1507
T09L00174,1,browsing,1507,1523
T09L00174,1,browsing,1523,1539
T09L00174,1,browsing,1539,1555
T09L00174,1,browsing,1555,1571
T09L00174,1,browsing,1571,1587
T09L00174,1,browsing,1587,1603
T09L00174,1,browsing,1603,1619
T09L00174,1,browsing,1619,1635
T09L00174,1,browsing,1635,1651
T09L00174,1,browsing,1651,1667
T09L00174,1,browsing,1667,1683
T09L00174,1,browsing,1683,1699
T09L00174,1,browsing,1699,1715
T09L00174,1,browsing,1715,1731
T09L00174,1,browsing,1731,1747
T09L00174,1,browsing,1747,1763
T09L00174,1,browsing,1763,1779
T09L00174,1,browsing,1779,1795
T09L00174,1,browsing,1795,1800
T09L00178,0,grooming,1,17
T09L00178,0,grooming,17,33
T09L00178,0,grooming,33,49
T09L00178,0,grooming,49,65
T09L00178,0,grooming,65,81
T09L00178,0,grooming,81,97
T09L00178,0,grooming,97,113
T09L00178,0,grooming,113,129
T09L00178,0,grooming,129,145
T09L00178,0,grooming,145,161
T09L00178,0,grooming,161,177
T09L00178,0,grooming,177,193
T09L00178,0,grooming,193,209
T09L00178,0,grooming,209,225
T09L00178,0,grooming,225,241
T09L00178,0,grooming,241,257
T09L00178,0,grooming,257,273
T09L00178,0,grooming,273,289
T09L00178,0,grooming,289,300
T09L00178,0,browsing,300,316
T09L00178,0,browsing,316,332
T09L00178,0,browsing,332,348
T09L00178,0,browsing,348,364
T09L00178,0,browsing,364,380
T09L00178,0,browsing,380,396
T09L00178,0,browsing,396,412
T09L00178,0,browsing,412,428
T09L00178,0,browsing,428,444
T09L00178,0,browsing,444,460
T09L00178,0,browsing,460,462
T09L00178,0,standing,462,478
T09L00178,0,standing,478,494
T09L00178,0,standing,494,510
T09L00178,0,browsing,670,686
T09L00178,0,browsing,686,700
T09L00178,0,walk_right,700,716
T09L00178,0,walk_right,716,732
T09L00178,0,walk_right,732,748
T09L00178,0,walk_right,748,764
T09L00178,0,walk_right,764,780
T09L00178,0,walk_right,780,796
T09L00178,0,walk_right,796,804
T09L00180,0,walk_towards,1,17
T09L00180,0,walk_towards,17,33
T09L00180,0,walk_towards,33,40
T09R00010,0,walk_right,1,17
T09R00010,0,walk_right,17,33
T09R00010,0,walk_right,33,49
T09R00010,0,walk_right,49,55
T09R00010,0,browsing,55,71
T09R00010,0,browsing,71,87
T09R00010,0,browsing,87,103
T09R00010,0,browsing,103,119
T09R00010,0,browsing,119,135
T09R00010,0,browsing,135,145
T09R00010,0,standing,145,161
T09R00010,0,standing,161,177
T09R00010,0,standing,177,193
T09R00010,0,standing,193,209
T09R00010,0,standing,209,225
T09R00010,0,standing,225,241
T09R00010,0,standing,241,257
T09R00010,0,standing,257,273
T09R00010,0,standing,273,280
T09R00010,0,browsing,280,296
T09R00010,0,browsing,296,312
T09R00010,0,browsing,312,328
T09R00010,0,browsing,328,344
T09R00010,0,browsing,344,345
T09R00010,0,standing,345,361
T09R00010,0,standing,361,377
T09R00010,0,standing,377,393
T09R00010,0,standing,393,408
T09R00010,0,browsing,408,424
T09R00010,0,browsing,424,440
T09R00010,0,browsing,440,456
T09R00010,0,browsing,456,472
T09R00010,0,browsing,472,488
T09R00010,0,browsing,488,504
T09R00010,0,browsing,504,520
T09R00010,0,browsing,520,536
T09R00010,0,browsing,536,552
T09R00010,0,browsing,552,568
T09R00010,0,browsing,568,584
T09R00010,0,browsing,584,600
T09R00010,0,browsing,600,616
T09R00010,0,browsing,616,632
T09R00010,0,browsing,632,648
T09R00010,0,browsing,648,664
T09R00010,0,browsing,664,680
T09R00010,0,browsing,680,696
T09R00010,0,browsing,696,712
T09R00010,0,browsing,712,728
T09R00010,0,browsing,728,744
T09R00010,0,browsing,744,760
T09R00010,0,browsing,760,776
T09R00010,0,browsing,776,792
T09R00010,0,browsing,792,808
T09R00010,0,browsing,808,824
T09R00010,0,browsing,824,840
T09R00010,0,browsing,840,856
T09R00010,0,browsing,856,872
T09R00010,0,browsing,872,888
T09R00010,0,browsing,888,904
T09R00010,0,browsing,904,920
T09R00010,0,browsing,920,936
T09R00010,0,browsing,936,952
T09R00010,0,browsing,952,968
T09R00010,0,browsing,968,984
T09R00010,0,browsing,984,1000
T09R00010,0,browsing,1000,1016
T09R00010,0,browsing,1016,1032
T09R00010,0,browsing,1032,1048
T09R00010,0,browsing,1048,1064
T09R00010,0,browsing,1064,1077
T09R00013,0,browsing,1,17
T09R00013,0,browsing,17,33
T09R00013,0,browsing,33,49
T09R00013,0,browsing,49,65
T09R00013,0,browsing,65,75
T09R00013,0,standing,75,91
T09R00013,0,standing,91,107
T09R00013,0,standing,107,110
T09R00013,0,browsing,110,126
T09R00013,0,browsing,126,140
T09R00013,0,standing,140,156
T09R00013,0,standing,156,172
T09R00013,0,standing,172,188
T09R00013,0,standing,188,204
T09R00013,0,standing,204,220
T09R00013,0,browsing,220,236
T09R00013,0,browsing,236,252
T09R00013,0,browsing,252,268
T09R00013,0,browsing,268,284
T09R00013,0,browsing,284,300
T09R00013,0,browsing,300,316
T09R00013,0,browsing,316,332
T09R00013,0,browsing,332,348
T09R00013,0,browsing,348,350
T09R00013,0,standing,350,366
T09R00013,0,standing,366,382
T09R00013,0,standing,382,398
T09R00013,0,standing,398,414
T09R00013,0,standing,414,430
T09R00013,0,standing,430,446
T09R00013,0,standing,446,450
T09R00013,1,walk_left,1,17
T09R00013,1,walk_left,17,33
T09R00013,1,walk_left,33,49
T09R00013,1,walk_left,49,65
T09R00013,1,walk_left,65,67
T09R00013,1,standing,67,83
T09R00013,1,standing,83,99
T09R00013,1,standing,99,115
T09R00013,1,standing,115,131
T09R00013,1,standing,131,147
T09R00013,1,standing,147,163
T09R00013,1,standing,163,179
T09R00013,1,standing,179,195
T09R00013,1,standing,195,210
T09R00013,1,browsing,210,226
T09R00013,1,browsing,226,242
T09R00013,1,browsing,242,258
T09R00013,1,browsing,258,270
T09R00013,1,standing,270,286
T09R00013,1,standing,286,302
T09R00013,1,standing,302,318
T09R00013,1,standing,318,328
